-- phpMyAdmin SQL Dump
-- version 5.1.0
-- https://www.phpmyadmin.net/
--
-- Host: 127.0.0.1
-- Generation Time: Nov 06, 2022 at 07:21 PM
-- Server version: 10.4.19-MariaDB
-- PHP Version: 8.0.6

SET SQL_MODE = "NO_AUTO_VALUE_ON_ZERO";
START TRANSACTION;
SET time_zone = "+00:00";


/*!40101 SET @OLD_CHARACTER_SET_CLIENT=@@CHARACTER_SET_CLIENT */;
/*!40101 SET @OLD_CHARACTER_SET_RESULTS=@@CHARACTER_SET_RESULTS */;
/*!40101 SET @OLD_COLLATION_CONNECTION=@@COLLATION_CONNECTION */;
/*!40101 SET NAMES utf8mb4 */;

--
-- Database: `fyyp2`
--

-- --------------------------------------------------------

--
-- Table structure for table `categories`
--

CREATE TABLE `categories` (
  `id` int(30) NOT NULL,
  `category` varchar(250) NOT NULL,
  `description` text DEFAULT NULL,
  `status` tinyint(1) NOT NULL DEFAULT 1,
  `balance` float NOT NULL DEFAULT 0,
  `date_created` datetime NOT NULL DEFAULT current_timestamp(),
  `date_updated` datetime DEFAULT NULL ON UPDATE current_timestamp()
) ENGINE=InnoDB DEFAULT CHARSET=utf8mb4;

--
-- Dumping data for table `categories`
--

INSERT INTO `categories` (`id`, `category`, `description`, `status`, `balance`, `date_created`, `date_updated`) VALUES
(7, 'entertainment', '&lt;p&gt;some dummy entertainment data&lt;/p&gt;', 1, 890, '2022-11-06 17:56:50', '2022-11-06 23:18:14'),
(8, 'Food', '&lt;p&gt;some dummy food category&lt;/p&gt;', 1, 2000, '2022-11-06 17:57:59', '2022-11-06 23:19:26');

-- --------------------------------------------------------

--
-- Table structure for table `running_balance`
--

CREATE TABLE `running_balance` (
  `id` int(30) NOT NULL,
  `balance_type` tinyint(1) NOT NULL COMMENT '1=budget, 2=expense',
  `category_id` int(30) NOT NULL,
  `amount` float NOT NULL,
  `remarks` text NOT NULL,
  `user_id` text NOT NULL,
  `date_created` datetime NOT NULL DEFAULT current_timestamp(),
  `date_updated` datetime DEFAULT NULL ON UPDATE current_timestamp()
) ENGINE=InnoDB DEFAULT CHARSET=utf8mb4;

--
-- Dumping data for table `running_balance`
--

INSERT INTO `running_balance` (`id`, `balance_type`, `category_id`, `amount`, `remarks`, `user_id`, `date_created`, `date_updated`) VALUES
(24, 1, 7, 3000, '&lt;p&gt;some remarks&lt;/p&gt;', '1', '2022-11-06 17:57:18', NULL),
(25, 1, 8, 2000, '&lt;p&gt;some resaams&lt;/p&gt;', '8', '2022-11-06 23:16:38', NULL),
(26, 2, 7, 2110, '&lt;p&gt;asdw&lt;/p&gt;', '1', '2022-11-06 23:18:14', NULL),
(27, 1, 8, 2000, '&lt;p&gt;sadw&lt;/p&gt;', '8', '2022-11-06 23:19:12', NULL),
(28, 2, 8, 2000, '&lt;p&gt;asdas&lt;/p&gt;', '8', '2022-11-06 23:19:26', NULL);

-- --------------------------------------------------------

--
-- Table structure for table `system_info`
--

CREATE TABLE `system_info` (
  `id` int(30) NOT NULL,
  `meta_field` text NOT NULL,
  `meta_value` text NOT NULL
) ENGINE=InnoDB DEFAULT CHARSET=utf8mb4;

--
-- Dumping data for table `system_info`
--

INSERT INTO `system_info` (`id`, `meta_field`, `meta_value`) VALUES
(1, 'name', 'Fiture'),
(6, 'short_name', 'Fiture'),
(11, 'logo', 'uploads/1667739600_test.jpg');

-- --------------------------------------------------------

--
-- Table structure for table `users`
--

CREATE TABLE `users` (
  `id` int(50) NOT NULL,
  `firstname` varchar(250) NOT NULL,
  `lastname` varchar(250) NOT NULL,
  `username` text NOT NULL,
  `password` text NOT NULL,
  `avatar` text DEFAULT NULL,
  `last_login` datetime DEFAULT NULL,
  `type` tinyint(1) NOT NULL DEFAULT 0,
  `date_added` datetime NOT NULL DEFAULT current_timestamp(),
  `date_updated` datetime DEFAULT NULL ON UPDATE current_timestamp()
) ENGINE=InnoDB DEFAULT CHARSET=utf8mb4;

--
-- Dumping data for table `users`
--

INSERT INTO `users` (`id`, `firstname`, `lastname`, `username`, `password`, `avatar`, `last_login`, `type`, `date_added`, `date_updated`) VALUES
(1, 'Adminstrator', 'Admin', 'admin', '0192023a7bbd73250516f069df18b500', 'uploads/1624240500_avatar.png', NULL, 1, '2021-01-20 14:02:37', '2021-06-21 09:55:07'),
(4, 'John', 'Smith', 'jsmith', '1254737c076cf867dc53d60a0364f38e', NULL, NULL, 0, '2021-06-19 08:36:09', '2021-06-19 10:53:12'),
(5, 'Claire', 'Blake', 'cblake', '4744ddea876b11dcb1d169fadf494418', NULL, NULL, 0, '2021-06-19 10:01:51', '2021-06-19 12:03:23'),
(6, 'adil', 'adil', 'adil', 'adil', NULL, '2022-11-06 13:51:41', 1, '2022-11-06 17:52:04', '2022-11-06 13:51:41'),
(7, 'adiill', 'adilll', 'adiil', '179ad45c6ce2cb97cf1029e212046e81', 'uploads/1667757600_signature.png', NULL, 0, '2022-11-06 22:59:25', '2022-11-06 23:00:13'),
(8, 'adi', 'adi', 'newuser', '179ad45c6ce2cb97cf1029e212046e81', NULL, NULL, 1, '2022-11-06 23:11:09', NULL);

--
-- Indexes for dumped tables
--

--
-- Indexes for table `categories`
--
ALTER TABLE `categories`
  ADD PRIMARY KEY (`id`);

--
-- Indexes for table `running_balance`
--
ALTER TABLE `running_balance`
  ADD PRIMARY KEY (`id`),
  ADD KEY `category_id` (`category_id`);

--
-- Indexes for table `system_info`
--
ALTER TABLE `system_info`
  ADD PRIMARY KEY (`id`);

--
-- Indexes for table `users`
--
ALTER TABLE `users`
  ADD PRIMARY KEY (`id`);

--
-- AUTO_INCREMENT for dumped tables
--

--
-- AUTO_INCREMENT for table `categories`
--
ALTER TABLE `categories`
  MODIFY `id` int(30) NOT NULL AUTO_INCREMENT, AUTO_INCREMENT=9;

--
-- AUTO_INCREMENT for table `running_balance`
--
ALTER TABLE `running_balance`
  MODIFY `id` int(30) NOT NULL AUTO_INCREMENT, AUTO_INCREMENT=29;

--
-- AUTO_INCREMENT for table `system_info`
--
ALTER TABLE `system_info`
  MODIFY `id` int(30) NOT NULL AUTO_INCREMENT, AUTO_INCREMENT=15;

--
-- AUTO_INCREMENT for table `users`
--
ALTER TABLE `users`
  MODIFY `id` int(50) NOT NULL AUTO_INCREMENT, AUTO_INCREMENT=9;

--
-- Constraints for dumped tables
--

--
-- Constraints for table `running_balance`
--
ALTER TABLE `running_balance`
  ADD CONSTRAINT `running_balance_ibfk_1` FOREIGN KEY (`category_id`) REFERENCES `categories` (`id`) ON DELETE CASCADE;
COMMIT;

/*!40101 SET CHARACTER_SET_CLIENT=@OLD_CHARACTER_SET_CLIENT */;
/*!40101 SET CHARACTER_SET_RESULTS=@OLD_CHARACTER_SET_RESULTS */;
/*!40101 SET COLLATION_CONNECTION=@OLD_COLLATION_CONNECTION */;
